run_id,timestamp,market_id,event_slug,title,outcome,price,model_name,decision,reasoning,response_time_ms,consensus_decision,consensus_percentage
run_1766107931097_h7qsli,2025-12-19T01:32:18.679Z,0x6749b632cb9df8883a4958aa5493e50f9bc71dd6597dcefaeb7ee401c2c790ae,nfl-la-sea-2025-12-18,Rams vs. Seahawks,SEAHAWKS,0.2899999999151522,claude-sonnet-4,NO_TRADE,"{""decision"": ""NO_TRADE"", ""reasoning"": ""Without access to current team statistics, injury reports, recent performance trends, or betting line comparisons, I cannot determine if the Seahawks being priced at ~29% to win against the Rams represents value. NFL games involve numerous variables including home field advantage, key player availability, divisional rivalry dynamics, and playoff implications that would need to be analyzed alongside current market odds from sportsbooks to identify any mispri",7581.0,NO_TRADE,0.0
run_1766107931097_h7qsli,2025-12-19T01:32:18.679Z,0x6749b632cb9df8883a4958aa5493e50f9bc71dd6597dcefaeb7ee401c2c790ae,nfl-la-sea-2025-12-18,Rams vs. Seahawks,SEAHAWKS,0.2899999999151522,gpt-4o,NO_TRADE,"```json
{
    ""decision"": ""NO_TRADE"",
    ""reasoning"": ""The current price of 0.29 indicates a roughly 29% implied probability for the Seahawks to win. Without additional context like team performance, injuries, or weather conditions, there is no clear mispricing to exploit.""
}
```",2714.0,NO_TRADE,0.0
run_1766107931097_h7qsli,2025-12-19T01:32:26.041Z,0xa374f4c047b99a8e2950783b7306c2a8c313fb88d98ae2c1ea0efb58231c3250,maduro-out-in-2025,"Maduro out by February 28, 2026?",NO,0.73,claude-sonnet-4,NO,"{""decision"": ""NO"", ""reasoning"": ""At 0.73, the market is pricing only a 27% chance that Maduro remains in power through February 2026. However, Maduro has shown remarkable resilience despite international pressure, sanctions, and domestic opposition. He controls the military, security apparatus, and key institutions. While Venezuela faces ongoing economic and political crises, authoritarian leaders often survive longer than markets expect, especially when they maintain control of force and have b",7360.0,NO,100.0
run_1766107931097_h7qsli,2025-12-19T01:32:26.041Z,0xa374f4c047b99a8e2950783b7306c2a8c313fb88d98ae2c1ea0efb58231c3250,maduro-out-in-2025,"Maduro out by February 28, 2026?",NO,0.73,gpt-4o,NO_TRADE,"```json
{""decision"": ""NO_TRADE"", ""reasoning"": ""The current price of 0.73 suggests a fairly high probability of Maduro being out by the specified date. Without additional information on political developments or insider insights, it's difficult to identify a clear mispricing for either outcome.""}
```",3429.0,NO,100.0
run_1766107931097_h7qsli,2025-12-19T01:32:30.112Z,0x036365251ef0f91e6a473ec2b24fe3bccd5bc14b62565e4d4d0603d63510421c,nhl-phi-buf-2025-12-18,Flyers vs. Sabres,SABRES,0.55,claude-sonnet-4,NO_TRADE,"{""decision"": ""NO_TRADE"", ""reasoning"": ""Without access to current team form, injury reports, goaltending matchups, recent head-to-head records, and other key factors that influence NHL game outcomes, I cannot determine if the Sabres are properly priced at 55% implied probability. NHL games are notoriously difficult to predict and often close to 50/50 propositions. The current pricing suggests a slight edge to Buffalo, but this could be justified by home ice advantage, recent performance, or roste",4070.0,NO_TRADE,0.0
run_1766107931097_h7qsli,2025-12-19T01:32:30.112Z,0x036365251ef0f91e6a473ec2b24fe3bccd5bc14b62565e4d4d0603d63510421c,nhl-phi-buf-2025-12-18,Flyers vs. Sabres,SABRES,0.55,gpt-4o,NO_TRADE,"```json
{
  ""decision"": ""NO_TRADE"",
  ""reasoning"": ""At a current price of 0.55 for the Sabres, the market implies roughly a 55% chance. Without specific data such as team form, injuries, and other relevant factors, it is difficult to ascertain mispricing.""
}
```",2872.0,NO_TRADE,0.0
run_1766108250150_jq0umo,2025-12-19T01:37:37.730Z,0x2976e35aa3f3fc64196ba33089316cde5cbe25a71b418679c7c076589642860e,nba-orl-den-2025-12-18,Spread: Nuggets (-7.5),MAGIC,0.53,claude-sonnet-4,NO_TRADE,"```json
{""decision"": ""NO_TRADE"", ""reasoning"": ""This appears to be a malformed or incomplete market listing. The title indicates a Nuggets -7.5 spread bet, but the outcome is listed as 'MAGIC' which doesn't align with a standard spread betting format. Additionally, without knowing the actual teams playing, current form, injuries, or other contextual information about the specific game on 2025-12-18, it's impossible to make an informed assessment of whether the 53% implied probability for the spre",7572.0,YES,100.0
run_1766108250150_jq0umo,2025-12-19T01:37:37.730Z,0x2976e35aa3f3fc64196ba33089316cde5cbe25a71b418679c7c076589642860e,nba-orl-den-2025-12-18,Spread: Nuggets (-7.5),MAGIC,0.53,gpt-4o,YES,"```json
{
  ""decision"": ""YES"",
  ""reasoning"": ""The current price of 0.53 suggests that the market believes there is a 53% chance that the Nuggets will cover the spread of -7.5. If analysis of the teamsâ€™ performance, injuries, and other factors indicates that the Nuggets have a stronger likelihood of covering, then the YES outcome may be undervalued. Check recent performance data to confirm this hypothesis.""
}
```",3714.0,YES,100.0
run_1766108250150_jq0umo,2025-12-19T01:37:44.625Z,0xf723d076576a434c0b92914608ab73ba9c56b2197f5bd9476ccd48a2c6dee12b,will-draftkings-launch-a-prediction-market-in-2025,Will DraftKings launch a prediction market in 2025? ,NO,0.0592368391131536,claude-sonnet-4,NO,"{""decision"": ""NO"", ""reasoning"": ""The current price of ~0.059 implies only a 5.9% chance that DraftKings will launch a prediction market in 2025. This seems too low given several factors: (1) DraftKings is an aggressive, innovative company in the gambling/betting space, (2) prediction markets are gaining mainstream acceptance and regulatory clarity, (3) DraftKings has the technical infrastructure and user base to potentially enter this market, and (4) the company has shown willingness to expand i",6890.0,NO,100.0
run_1766108250150_jq0umo,2025-12-19T01:37:44.625Z,0xf723d076576a434c0b92914608ab73ba9c56b2197f5bd9476ccd48a2c6dee12b,will-draftkings-launch-a-prediction-market-in-2025,Will DraftKings launch a prediction market in 2025? ,NO,0.0592368391131536,gpt-4o,NO_TRADE,"```json
{
  ""decision"": ""NO_TRADE"",
  ""reasoning"": ""The current price implies a very low probability for a YES outcome (around 5.9%), which suggests the market is heavily favoring NO. Without additional information indicating a significant reason to expect DraftKings to enter this space by 2025, there is no clear edge to trade on either side.""
}
```",2379.0,NO,100.0
run_1766108250150_jq0umo,2025-12-19T01:37:49.760Z,0x4048fed324ac27f378ce44da1b12f0d338c8340ef82962989f38eea05409baab,will-trump-release-epstein-files-by,Will Trump release the Epstein files by December 31?,YES,0.79,claude-sonnet-4,NO,"{""decision"": ""NO"", ""reasoning"": ""At 79% probability, the market seems overly optimistic about Trump releasing Epstein files by year-end. While Trump has made statements about transparency, actually releasing sensitive FBI/DOJ files involves complex legal, national security, and procedural hurdles that typically take months to navigate. The tight timeline (assuming this is late 2024), potential legal challenges, redaction requirements, and institutional resistance make the current price too high.",5131.0,NO,100.0
run_1766108250150_jq0umo,2025-12-19T01:37:49.760Z,0x4048fed324ac27f378ce44da1b12f0d338c8340ef82962989f38eea05409baab,will-trump-release-epstein-files-by,Will Trump release the Epstein files by December 31?,YES,0.79,gpt-4o,NO,"```json
{""decision"": ""NO"", ""reasoning"": ""The current price of 0.79 suggests a high probability that Trump will release the Epstein files by the end of the year. Given Trump's history with controversial document releases and the lack of recent indications he will make such a release, the market might be overestimating this outcome's likelihood. Therefore, the NO outcome appears undervalued.""}
```",2418.0,NO,100.0
run_1766111117250_dzb1tp,2025-12-19T02:25:25.429Z,0x26b0e04e79a596f724bcdf39e2dc4ec5c4e1eb3489d68da80158654e74957aa3,brown-and-mit-shooters-confirmed-to-be-same-person,Brown and MIT shooters confirmed to be same person?,YES,0.78,claude-sonnet-4,NO_TRADE,"{""decision"": ""NO_TRADE"", ""reasoning"": ""This market appears to be referring to specific shooting incidents, but without access to current news reports, official police statements, or reliable sources confirming or denying whether the perpetrators are the same person, I cannot assess the accuracy of the 78% implied probability. Such markets depend heavily on breaking news and official confirmations that could emerge rapidly, making it extremely difficult to determine if this price reflects all ava",8170.0,NO_TRADE,0.0
run_1766111117250_dzb1tp,2025-12-19T02:25:25.429Z,0x26b0e04e79a596f724bcdf39e2dc4ec5c4e1eb3489d68da80158654e74957aa3,brown-and-mit-shooters-confirmed-to-be-same-person,Brown and MIT shooters confirmed to be same person?,YES,0.78,gpt-4o,NO_TRADE,"```json
[{""decision"": ""NO_TRADE"", ""reasoning"": ""The current price of 0.78 for the YES outcome suggests a high probability that both shooters are the same person, leaving limited upside potential. Without additional information pointing to a different conclusion, the current pricing seems reasonable, offering no clear edge.""}]
```",2562.0,NO_TRADE,0.0
run_1766111117250_dzb1tp,2025-12-19T02:25:31.326Z,0x0e05e0150c23d2c0d616ef70b19e0b6e6590e73c6ea9307f68057ca63f32d10b,lighter-market-cap-fdv-one-day-after-launch,Lighter market cap (FDV) >$3B one day after launch?,NO,0.5941656000636585,claude-sonnet-4,NO_TRADE,"{""decision"": ""NO_TRADE"", ""reasoning"": ""Without knowing specific details about Lighter (tokenomics, total supply, initial distribution, team reputation, market conditions, or launch timing), it's impossible to assess whether a $3B FDV is realistic. The 59.4% implied probability for NO suggests the market sees this as unlikely, but this could reflect either rational skepticism or insufficient information. The lack of context about what Lighter is, its fundamentals, and launch parameters makes this",5894.0,NO_TRADE,0.0
run_1766111117250_dzb1tp,2025-12-19T02:25:31.326Z,0x0e05e0150c23d2c0d616ef70b19e0b6e6590e73c6ea9307f68057ca63f32d10b,lighter-market-cap-fdv-one-day-after-launch,Lighter market cap (FDV) >$3B one day after launch?,NO,0.5941656000636585,gpt-4o,NO_TRADE,"```json
{
  ""decision"": ""NO_TRADE"",
  ""reasoning"": ""The current price suggests about 59% probability that the market cap will exceed $3B one day after launch. Without additional information on the project's fundamentals, investor interest, or market conditions, it's difficult to determine if this probability is mispriced.""
}
```",2978.0,NO_TRADE,0.0
run_1766111117250_dzb1tp,2025-12-19T02:25:36.222Z,0x142855f0155bb672c41fb90fcc24ab43a08c0bcab86f1152afb6dbdcec1180af,nba-orl-den-2025-12-18,Magic vs. Nuggets: O/U 238.5,UNDER,0.52,claude-sonnet-4,NO_TRADE,"{""decision"": ""NO_TRADE"", ""reasoning"": ""Without current team statistics, injury reports, recent scoring trends, or historical head-to-head data for this specific Magic vs. Nuggets matchup, I cannot determine if the 238.5 total is mispriced. The 0.52 price suggests the market views UNDER as slightly favored, but this could reflect accurate assessment of factors like pace of play, defensive efficiency, or key player availability that I don't have access to. More information would be needed to ident",4894.0,NO_TRADE,0.0
run_1766111117250_dzb1tp,2025-12-19T02:25:36.222Z,0x142855f0155bb672c41fb90fcc24ab43a08c0bcab86f1152afb6dbdcec1180af,nba-orl-den-2025-12-18,Magic vs. Nuggets: O/U 238.5,UNDER,0.52,gpt-4o,NO_TRADE,"```json
{""decision"": ""NO_TRADE"", ""reasoning"": ""A price of 0.52 indicates a fairly even split in sentiment. Without specific insight or contextual factors like player injuries, recent team performance, or other influencing elements, there's no clear mispricing to exploit.""}
```",2018.0,NO_TRADE,0.0
